name,contact
John,Doe
Jane,Smith
Michael,Johnson
Emily,Brown
William,Jones
Sophia,Williams
David,Miller
Olivia,Davis
James,Garcia
Emma,Rodriguez
Alexander,Martinez
Isabella,Hernandez
Joseph,Lopez
Mia,Gonzalez
Samuel,Wilson
Grace,Anderson
Matthew,Taylor
Chloe,Thompson
Ethan,Lewis
Sofia,White
Benjamin,Harris
Ava,Thomas
Christopher,Robinson
Elizabeth,Hall
Daniel,Young
Harper,Allen
Andrew,Sanchez
Amelia,Wright
Liam,King
Ella,Scott
William,Lopez
Victoria,Green
Alexander,Adams
Abigail,Baker
Jackson,Walker
Emily,Ward
James,Carter
Mia,Foster
Michael,Hughes
Sophia,Turner
